managing_body,fund,report_year,report_qurater,instrument_type,instrument_sub_type,instrument_symbol,instrument_id,underlying_asset,industry,rating,rating_agency,date_of_purchase,average_of_duration,currency,intrest_rate,yield,par_value,rate,market_cap,fair_value,rate_of_ipo,rate_of_fund,date_of_revaluation,type_of_asset,tmp_name
Migdal,199,2012,4,מזומנים,,עו'ש,1111111111- 10- לאומי,,,0,לא מדורג,,,NIS,0,0,,,15196.17209,,,4.89952859385333,,,
Migdal,199,2012,4,ניירות ערך סחירים,תעודות התחייבות ממשלתיות,גליל  5472- גליל,9547233,,,RF,פנימי,,2.2,NIS,5,-0.15,2459999.66,151.34,3722.963485444,,0.0183103058379739,1.20036174609971,,,
Migdal,199,2012,4,ניירות ערך סחירים,"אג""ח קונצרני",מזרחי טפ הנפקות 33- מזרחי טפחות חברה להנפקות בע"מ,2310092,,בנקים,AA+,מעלות,,3.14,NIS,2.6,0.73,786029,111.29,874.7716741,,0.0339278106708092,0.282044789927885,,,
Migdal,199,2012,4,ניירות ערך סחירים,תעודות סל,הראל סל ג תל בונד 20- הראל סל בע"מ,1113240,,,,,,,NIS,,,1470000,291.6,4286.52,,0.602944755112983,1.38206422169023,,,
Migdal,199,2012,4,ניירות ערך סחירים,קרנות נאמנות,*MTF קרן תל בונד 20- ומגדל קרנות נאמנות MTF,5112388,,מוצרי אגח,0,לא מדורג,,,NIS,,,1350000,119.39,1611.765,,0.254076109142153,0.519666942011831,,,
Migdal,199,2012,4,ניירות ערך סחירים,כתבי אופציה,כלכלית ים אפ 21- כלכלית ירושלים בע"מ,1980325,,נדל"ן ובינוי,,,,,NIS,,,2500,20,0.5,,0.423686444914831,0.000161210518286422,,,
Migdal,199,2012,4,ניירות ערך סחירים,מוצרים מובנים,גלובל פינ8 אגח ג- גלובל פיננס ג'י.אר 8 בע"מ,1103308,אשראי,,Ba3,מידרוג,2007-04-25T00:00:00.000Z,1.15,NIS,4.5354,5.02,0.12,118.95,0.00014274,,1.75134068047992e-07,4.60223787604079e-08,,,
Migdal,199,2012,4,ניירות ערך לא סחירים,תעודות חוב מסחריות,בריטיש ישראל נע"מ- בריטיש-ישראל השקעות בע"מ,29991750,,נדל"ן ובינוי,AA-,מעלות,2011-12-13T00:00:00.000Z,0.95,NIS,2.95,1.75,402197,100.157916666667,,402.832136095833,0,0.129881554884872,,,
Migdal,199,2012,4,ניירות ערך לא סחירים,"אג""ח קונצרני",מקורות אגח א לס- מקורות חברת מים בע"מ,1087758,,שרותים,AAA,מעלות,2003-04-13T00:00:00.000Z,0.28,NIS,6.17,0.42,635339.12,127.08,,807.388953696,0.145608631124336,0.260319183368129,,,
Migdal,199,2012,4,ניירות ערך לא סחירים,מניות,קבוצת דפי זהב מניה לס msh- קבוצת דפי זהב בע"מ,29991623,,שרותים,,,,,NIS,,,4192,4933.3,206.803936,,0.139733333333333,0.0666779394124643,,,
Migdal,199,2012,4,ניירות ערך לא סחירים,כתבי אופציה,צים - אגח א רמ ms אופציה- צים שירותי ספנות משולבים בע"מ,29991857,,שרותים,,,2012-09-27T00:00:00.000Z,,USD,,,32292.76446,4,,1.2917105784,0,0.000416474663639837,,,
Migdal,199,2012,4,ניירות ערך לא סחירים,מוצרים מובנים,גלובל 8 א חוב שלא שולם ms- גלובל פיננס ג'י.אר 8 בע"מ,1116003,אשראי,,B1,מידרוג,2010-06-29T00:00:00.000Z,0.01,NIS,2.02231,0.01,22461.07,67.725,15.2117596575,,0.0673728278472287,0.00490459131686813,,,
Migdal,199,2012,4,הלוואות,,הלוואות לחברים מגדל אגח"י2173,101-29991197,,,AA+,פנימי,,0.08,NIS,0,5,136848,133.85,,183.171048,,0.0590581991662943,,,
Migdal,199,2012,4,פקדונות,,*פקדון בבנק לאומי למשכנתאות- בנק לאומי למשכנתאות בע"מ,77-15000208,,,AA+,מעלות,,0.06,NIS,5,0.32,23496.2,145.06,,34.08358772,,0.0109892656828039,,,
Migdal,199,2012,4,סכום נכסי הקרן,,סעיף 1. נכסים המוצגים לפי שווי הוגן:,,,,,,,,,,,,,,,,,,,
Migdal,199,2012,4,מזומנים,,עו'ש,1111111111- 11- בנק דיסקונט,,,0,לא מדורג,,,NIS,0,0,,,2116.59324,,,0.682434186443876,,,
Migdal,199,2012,4,ניירות ערך סחירים,תעודות התחייבות ממשלתיות,גליל  5904- גליל,9590431,,,RF,פנימי,,9.65,NIS,4,1.43,900000,156.54,1408.86,,0.00933093659587112,0.454246101586018,,,
Migdal,199,2012,4,ניירות ערך סחירים,תעודות סל,מבט מדדים כד תל בונד 20- מבט מדדים בע"מ,1101443,,,,,,,NIS,,,1738150,291.86,5072.96459,,0.0869075,1.63563050160514,,,
Migdal,199,2012,4,ניירות ערך סחירים,"אג""ח קונצרני",מזרחי טפחות הנפקות אגח 29- מזרחי טפחות חברה להנפקות בע"מ,2310050,,בנקים,AA+,מעלות,,1.93,NIS,4.2,0.5,925000,132.36,1224.33,,0.109914919910642,0.394749747707231,,,
Migdal,199,2012,4,ניירות ערך סחירים,קרנות נאמנות,*MTF תל בונד 60 קרן- ומגדל קרנות נאמנות MTF,5112420,,מוצרי אגח,0,לא מדורג,,,NIS,,,7000000,119.97,8397.9,,3.82374568796199,2.70765962303509,,,
Migdal,199,2012,4,ניירות ערך סחירים,מוצרים מובנים,גלובל פינ8 אגח א ms- גלובל פיננס ג'י.אר 8 בע"מ,1103282,אשראי,,B1,מידרוג,2012-11-19T00:00:00.000Z,1.16,NIS,3.95,4.89,176544.47,118.05,208.410746835,,0.086525542150105,0.0671960090274615,,,
Migdal,199,2012,4,ניירות ערך לא סחירים,"אג""ח קונצרני",פלאפון א- פלאפון תקשורת בע"מ,1090778,,מסחר,AA+,מעלות,2004-12-27T00:00:00.000Z,0.73,NIS,5.2,0.78,223964.98,128.29,,287.324672842,0.719566200803213,0.0926395188506712,,,
Migdal,199,2012,4,ניירות ערך לא סחירים,מוצרים מובנים,RBS 0% 22.8.2016- RBS,XS0198846783,אשראי,,,לא מדורג,2012-04-04T00:00:00.000Z,5.46,USD,0,0.01,2090480,2.409002,50.3597050096,,0,0.0162370282906979,,,
Migdal,199,2012,4,הלוואות,,משאב הלוואה 2 17/05/10,124-29991564,,,AA-,מעלות,,2.32,NIS,5.67,3.28,892867.06,106.34,,949.474831604,,0.306130659405589,,,
Migdal,199,2012,4,פקדונות,,פקדון בבנק  מזרחי (לצורך מכירה- בנק מזרחי טפחות בע"מ,20-16000398,,,AA+,מעלות,,1.53,NIS,6.3,-0.15,628755.08,147.11,,924.961598188,,0.29822707727785,,,
Migdal,199,2012,4,סכום נכסי הקרן,,א. מזומנים ושווי מזומנים,,,,,,,,,,,,,,31871.16783162,,10.2758574452628,,,
Migdal,199,2012,4,מזומנים,,עו'ש,1111111111- 13- בנק איגוד,,,0,לא מדורג,,,NIS,0,0,,,0.0306,,,9.86608371912905e-06,,,
Migdal,199,2012,4,ניירות ערך סחירים,תעודות התחייבות ממשלתיות,גליל 5903- גליל,9590332,,,RF,פנימי,,7.47,NIS,4,1.02,1800000,161.59,2908.62,,0.0119203663896793,0.937800275396508,,,
Migdal,199,2012,4,ניירות ערך סחירים,תעודות סל,פסגות סל בונד 40- פסגות תעודות סל מדדים בע"מ,1109412,,,,,,,NIS,,,37000,2764,1022.68,,0.0983981630073542,0.329733545682317,,,
Migdal,199,2012,4,ניירות ערך סחירים,"אג""ח קונצרני",פועלים הנפ 25- הפועלים הנפקות בע"מ,1940360,,בנקים,AA+,מעלות,,2.26,NIS,4.35,0.51,950000,135.51,1287.345,,0.0633333333333333,0.415067109326869,,,
Migdal,199,2012,4,ניירות ערך סחירים,קרנות נאמנות,*MTF תלבונד 40 קרן נאמנות- ומגדל קרנות נאמנות MTF,5112404,,מוצרי אגח,0,לא מדורג,,,NIS,,,800000,120.64,965.12,,0.876800931302877,0.311174990817184,,,
Migdal,199,2012,4,ניירות ערך לא סחירים,"אג""ח קונצרני",פלאפון ב- פלאפון תקשורת בע"מ,1092394,,מסחר,AA+,מעלות,2005-03-01T00:00:00.000Z,1.14,NIS,4.4,0.52,249999.96,129.4,,323.49994824,0.199999968,0.104303188642802,,,
Migdal,199,2012,4,הלוואות,,ערבה גרופית סאן משיכה 1,99001,,,AA-,פנימי,,8.21,NIS,5.35,5.24,49850,101.49,,50.592765,,0.0163121717343863,,,
Migdal,199,2012,4,פקדונות,,פקדון בבנק טפחות- טפחות בנק משכנתאות לישראל בע"מ,20-13000209,,,AA+,מעלות,,0.01,NIS,4.85,-0.47,23272.48,144.57,,33.645024336,,0.0108478636219317,,,
Migdal,199,2012,4,סכום נכסי הקרן,,ב. ניירות ערך סחירים:,,,,,,,,,,,,,,,,,,,
Migdal,199,2012,4,מזומנים,,עו'ש,1111111111- 17- מרכנתיל דיסקונט,,,0,לא מדורג,,,NIS,0,0,,,0,,,0,,,
Migdal,199,2012,4,ניירות ערך סחירים,תעודות התחייבות ממשלתיות,ממשל צמודה 613- גליל,1119338,,,RF,פנימי,,0.49,NIS,0.5,-0.08,2600000,106.98,2781.48,,0.0256999962339621,0.896807664806637,,,
Migdal,199,2012,4,ניירות ערך סחירים,תעודות סל,קסם סמ סג בונד 40- קסם תעודות סל ומוצרי מדדים בע"מ,1109230,,,,,,,NIS,,,182500,2770.11,5055.45075,,0.37949677687669,1.62998367115797,,,
Migdal,199,2012,4,ניירות ערך סחירים,"אג""ח קונצרני",שטראוס אגח ב- שטראוס גרופ בע"מ,7460140,,מזון,Aa1,מידרוג,,2.92,NIS,4.1,0.69,580000,133.17,772.386,,0.0779934853762901,0.249033494754353,,,
Migdal,199,2012,4,ניירות ערך סחירים,קרנות נאמנות,Pictet fund lux- Pictet Funds Lux,LU0255798018,,Debt,BBB,פנימי,,,USD,,,1390.05721,20991,291.7869089511,,0.000792789581207312,0.0940782376424,,,
Migdal,199,2012,4,ניירות ערך לא סחירים,"אג""ח קונצרני",מקבץ דיור אביבים הנפקות אגח AA- אביבים הנפקות בע"מ,1098573,,נדל"ן ובינוי,Aa2,מידרוג,2012-02-22T00:00:00.000Z,2.99,NIS,5.55,2.02,777924.03,130.52,,1015.346443956,3.00388500499512,0.327369052940846,,,
Migdal,199,2012,4,הלוואות,,ערבה יטבתה סאן משיכה 1,99000,,,AA-,פנימי,,8.21,NIS,5.35,5.24,52966,101.49,,53.7551934,,0.0173318051772018,,,
Migdal,199,2012,4,פקדונות,,פקדון באוצר השלטון- בנק דקסיה ישראל,68-11600401,,,AA-,מעלות,,0.53,NIS,6.1,2.46,50000,128.13,,64.065,,0.0206559037080393,,,
Migdal,199,2012,4,סכום נכסי הקרן,,סעיף 1. תעודות התחייבות ממשלתיות,,,,,,,,,,,,,,142352.370345844,,45.8973988055085,,,
Migdal,199,2012,4,מזומנים,,עו'ש,1111111111- 20- בנק מזרחי,,,0,לא מדורג,,,NIS,0,0,,,0,,,0,,,
Migdal,199,2012,4,ניירות ערך סחירים,תעודות התחייבות ממשלתיות,ממשלתי צמודה 0418- גליל,1108927,,,RF,פנימי,,4.89,NIS,3.5,0.33,5250000,137.5,7218.75,,0.0294425416461948,2.32747685776022,,,
Migdal,199,2012,4,ניירות ערך סחירים,תעודות סל,קסםסם פח בונדשקלי- קסם תעודות סל ומוצרי מדדים בע"מ,1116334,,,,,,,NIS,,,36000,2948.85,1061.586,,0.156781573914542,0.34227765853122,,,
Migdal,199,2012,4,ניירות ערך סחירים,"אג""ח קונצרני",*לאומי למימון כתבי הת יב- לאומי חברה למימון בע"מ,7410228,,בנקים,AA,מעלות,,4.46,NIS,2.6,1.11,800000,113.18,905.44,,0.0244527923560571,0.291932903354517,,,
Migdal,199,2012,4,ניירות ערך סחירים,קרנות נאמנות,HY BOND NBIUSHY ID,IE00B12VW565,,Debt,0,לא מדורג,,,USD,,,86176.305,1860,1602.879273,,0.00703528723317808,0.516801996701788,,,
Migdal,199,2012,4,ניירות ערך לא סחירים,"אג""ח קונצרני",עזריאלי קבוצה אגח א רמ- קבוצת עזריאלי בע"מ (לשעבר קנית מימון,1103159,,נדל"ן ובינוי,AA,מעלות,2007-03-25T00:00:00.000Z,3.34,NIS,4.8,1.44,1235294.02,133.17,,1645.041046434,0.222575499099099,0.530395839396128,,,
Migdal,199,2012,4,הלוואות,,אלדן תחבורה  4.1% 07/2014,29991715,,,A-,פנימי,,0.81,NIS,4.1,3.74,104506.43,101.84,,106.429348312,,0.0343150608045274,,,
Migdal,199,2012,4,פקדונות,,פקדון בבנק דסקונט למשכנתאות- בנק דיסקונט לישראל בע"מ,90-25000212,,,AA-,מעלות,,0.1,NIS,5.15,0.72,9488.29,145.04,,13.761815816,,0.00443709892051929,,,
Migdal,199,2012,4,סכום נכסי הקרן,,סעיף 2. תעודות חוב מסחריות,,,,,,,,,,,,,,5e-05,,1.61210518286422e-08,,,
Migdal,199,2012,4,מזומנים,,עו'ש,1111111111- 31- בנק הבינלאומי,,,0,לא מדורג,,,NIS,0,0,,,0,,,0,,,
Migdal,199,2012,4,ניירות ערך סחירים,תעודות התחייבות ממשלתיות,ממשלתי צמודה 0614- גליל,1113646,,,RF,פנימי,,1.48,NIS,1.5,-0.23,3800000,115,4370,,0.0238880460320133,1.40897992982333,,,
Migdal,199,2012,4,ניירות ערך סחירים,תעודות סל,תכלית גל מה בונד שקל- תכלית גלובל בע"מ,1116250,,,,,,,NIS,,,91500,2947.74,2697.1821,,0.430661640304056,0.869628248507723,,,
Migdal,199,2012,4,ניירות ערך סחירים,"אג""ח קונצרני",*לאומי מימון הת אגח ג- לאומי חברה למימון בע"מ,7410061,,בנקים,AA,מעלות,,3.25,NIS,4.9,0.91,554401,149.96,831.3797396,,0.10783934611816,0.268054317427494,,,
Migdal,199,2012,4,ניירות ערך סחירים,קרנות נאמנות,Muzin Americayield accum- Muzinich Funds,IE0004347849,,Diversified Financials,0,לא מדורג,,,USD,,,7014.307,22570,1583.1290899,,0.0180553996007203,0.510434122194183,,,
Migdal,199,2012,4,ניירות ערך לא סחירים,"אג""ח קונצרני",קנית השלום השקעות אגח 4.95%- קנית השלום השקעות בע"מ,1093533,,נדל"ן ובינוי,Aa2,מידרוג,2006-03-23T00:00:00.000Z,2.07,NIS,4.95,1.13,923019.95,131.14,,1210.44836243,0.260354941977629,0.390274015732583,,,
Migdal,199,2012,4,פקדונות,,פקדון בבנק דסקונט למשכנתאות- בנק דיסקונט לישראל בע"מ,90-25000218,,,AA-,מעלות,,0.28,NIS,5.7,0.83,21945.52,143.95,,31.59057604,,0.0101854662727501,,,
Migdal,199,2012,4,סכום נכסי הקרן,,סעיף 3. אג''ח קונצרני,,,,,,,,,,,,,,64458.1902878702,,20.7826765346732,,,
Migdal,199,2012,4,מזומנים,,*דולר- בנק לאומי לישראל בע"מ,20001- 10- לאומי,,,AA+,מעלות,,,USD,0,0,,,8492.06410162,,,2.73802011028737,,,
Migdal,199,2012,4,ניירות ערך סחירים,תעודות התחייבות ממשלתיות,ממשלתי צמודה 922- גליל,1124056,,,RF,פנימי,,8.71,NIS,2.75,1.23,3000000,116.7,3501,,0.0207616795866599,1.12879604904153,,,
Migdal,199,2012,4,ניירות ערך סחירים,תעודות סל,תכלית מר יד בונד 40- תכלית מורכבות בע"מ,1109354,,,,,,,NIS,,,149340,2791.47,4168.781298,,0.0997262103505843,1.34410278734665,,,
Migdal,199,2012,4,ניירות ערך סחירים,"אג""ח קונצרני",*לאומי מימון הת ז- לאומי חברה למימון בע"מ,7410152,,בנקים,AA,מעלות,,2.11,NIS,4.1,0.71,618905,131.86,816.088133,,0.0309452575815881,0.263123981776658,,,
Migdal,199,2012,4,ניירות ערך לא סחירים,"אג""ח קונצרני",אילת אגח א לס- החברה למימון אילת  בע"מ,1099449,,שרותים,Aa3,מידרוג,2006-09-13T00:00:00.000Z,4.17,NIS,5.7,3.23,1395216.9,130.81,,1825.08322689,2.05425224474988,0.588445225845587,,,
Migdal,199,2012,4,סכום נכסי הקרן,,סעיף 4. מניות,,,,,,,,,,,,,,6e-05,,1.93452621943707e-08,,,
Migdal,199,2012,4,מזומנים,,*יורו- בנק לאומי לישראל בע"מ,20003- 13- בנק איגוד,,,AA+,מעלות,,,EUR,0,0,,,63.9678,,,0.0206245643832844,,,
Migdal,199,2012,4,ניירות ערך סחירים,תעודות התחייבות ממשלתיות,ממשלתית צמודה 517- גליל,1125905,,,RF,פנימי,,4.32,NIS,1,0.16,500000,105.77,528.85,,0.00521943768701245,0.170512365191549,,,
Migdal,199,2012,4,ניירות ערך סחירים,תעודות סל,Ishares Barclays 20+ year bond- Ishares Barclays 20+ year treasury Bond fund,us4642874329,,,,,,,USD,,,1187.094,12118,143.85205092,,0.00111578947368421,0.0463809273707561,,,
Migdal,199,2012,4,ניירות ערך סחירים,"אג""ח קונצרני",*לאומי מימון הת ח- לאומי חברה למימון בע"מ,7410160,,בנקים,AA,מעלות,,3.63,NIS,4.4,0.98,609802,131.69,803.0482538,,0.0316108631530929,0.258919650408209,,,
Migdal,199,2012,4,ניירות ערך לא סחירים,"אג""ח קונצרני",חשמל צמוד 2022 רמ- חברת החשמל לישראל בע"מ,6000129,,שרותים,Aa3,מידרוג,2011-01-18T00:00:00.000Z,6.88,NIS,6,4.72,1500000,116.33,,1744.95,0.0405323378032003,0.562608587767786,,,
Migdal,199,2012,4,סכום נכסי הקרן,,סעיף 5. תעודות סל,,,,,,,,,,,,,,31884.770052904,,10.2803206113441,,,
Migdal,199,2012,4,מזומנים,,פ.ח.ק.,1111111110- 10- לאומי,,,0,לא מדורג,,,NIS,0,0,,,1000.33,,,0.322525002300714,,,
Migdal,199,2012,4,ניירות ערך סחירים,תעודות התחייבות ממשלתיות,מ.ק.מ 413- בנק ישראל- מק"מ,8130411,,,RF,פנימי,,0.25,NIS,0,1.68,4500000,99.58,4481.1,,0.05,1.44480090698658,,,
Migdal,199,2012,4,ניירות ערך סחירים,תעודות סל,Ishares iboxx bond- Ishares iboxx bond,US4642872422,,,,,,,USD,,,16798.5,12099,2032.450515,,0.00356294536817102,0.655304801829312,,,
Migdal,199,2012,4,ניירות ערך סחירים,"אג""ח קונצרני",בזק אגח 5- בזק החברה הישראלית לתקשורת בע"מ,2300069,,תקשורת ומדיה,Aa2,מידרוג,,1.85,NIS,5.3,0.57,504427.44,136.31,687.585043464,,0.0316988466715492,0.221691882445648,,,
Migdal,199,2012,4,ניירות ערך לא סחירים,"אג""ח קונצרני",כלל ביטוח אג"ח 1 ל- כלל החזקות עסקי ביטוח בע"מ,1119247,,ביטוח,AA-,מעלות,2010-05-27T00:00:00.000Z,2.38,NIS,7,1.56,1355400,144.6,,1959.9084,1.11359155583094,0.631915697915826,,,
Migdal,199,2012,4,סכום נכסי הקרן,,סעיף 6. תעודות השתתפות בקרנות נאמנות,,,,,,,,,,,,,,14452.5802718511,,4.65981591240248,,,
Migdal,199,2012,4,מזומנים,,פ.ח.ק.,1111111110- 11- בנק דיסקונט,,,0,לא מדורג,,,NIS,0,0,,,5002.01,,,1.61274108220107,,,
Migdal,199,2012,4,ניירות ערך סחירים,תעודות התחייבות ממשלתיות,מ.ק.מ 813- בנק ישראל- מק"מ,8130817,,,RF,פנימי,,0.6,NIS,0,1.77,2800000,98.96,2770.88,,0.028,0.893390001818965,,,
Migdal,199,2012,4,ניירות ערך סחירים,תעודות סל,Ishares iboxx h/y corp- ISHARES IBOXX H/Y CORP BOND,US4642885135,,,,,,,USD,,,46662.5,9335,4355.944375,,0.0264270613107822,1.40444810064115,,,
Migdal,199,2012,4,ניירות ערך סחירים,"אג""ח קונצרני",בינלאומי הנפקות כ נדחה- הבינלאומי הראשון הנפקות בע"מ,1121953,,בנקים,Aa2,מידרוג,,5.51,NIS,3.1,1.57,1100000,116.11,1277.21,,0.127894038626325,0.411799372121203,,,
Migdal,199,2012,4,ניירות ערך לא סחירים,"אג""ח קונצרני",מנורה שטר התחיבות נדחה- מנורה חברה לביטוח בע"מ,1090299,,ביטוח,Aa3,מידרוג,2006-04-09T00:00:00.000Z,1.3,NIS,5.45,1.44,78010.99,133.85,,104.417710115,0.054129029826854,0.0336664663318411,,,
Migdal,199,2012,4,סכום נכסי הקרן,,סעיף 7. כתבי אופציה,,,,,,,,,,,,,,0.50001,,0.000161213742496788,,,
Migdal,199,2012,4,ניירות ערך סחירים,תעודות התחייבות ממשלתיות,מ.ק.מ. 313- בנק ישראל- מק"מ,8130312,,,RF,פנימי,,0.18,NIS,0,1.67,2500000,99.71,2492.75,,0.0227272727272727,0.803715038916959,,,
Migdal,199,2012,4,ניירות ערך סחירים,תעודות סל,Ishares jp morgan bond- ISHARES JP MORGAN EM,US4642882819,,,,,,,USD,,,13894.226,12279,1706.07201054,,0,0.550073506106224,,,
Migdal,199,2012,4,ניירות ערך סחירים,"אג""ח קונצרני",הראל הנפקות אגח א- הראל ביטוח מימון והנפקות בע"מ,1099738,,ביטוח,AA,מעלות,,4.67,NIS,4.65,1.27,555545.57,137.58,764.319595206,,0.104461536957265,0.246432716159256,,,
Migdal,199,2012,4,ניירות ערך לא סחירים,"אג""ח קונצרני",שטר הון בבנק הבינלאומי- הבנק הבינלאומי הראשון לישראל בע"מ,75000670,,בנקים,AA-,מעלות,2003-01-19T00:00:00.000Z,0.05,NIS,6.9,0.17,400000,128.81,,515.24,0,0.166124214883793,,,
Migdal,199,2012,4,סכום נכסי הקרן,,סעיף 8. אופציות,,,,,,,,,,,,,,9e-05,,2.9017893291556e-08,,,
Migdal,199,2012,4,ניירות ערך סחירים,תעודות התחייבות ממשלתיות,ממשל שקלית 0115- שחר,1114297,,,RF,פנימי,,1.96,NIS,4.5,1.83,5246168,109.53,5746.1278104,,0.0393686036510021,1.85267248490922,,,
Migdal,199,2012,4,ניירות ערך סחירים,תעודות סל,Wisdomtree emerg bond- Wisdomtree emg,US97717X7848,,,,,,,USD,,,3479.156,8084.9,281.286283444,,0.0847272727272727,0.0906926150817376,,,
Migdal,199,2012,4,ניירות ערך סחירים,"אג""ח קונצרני",מזרחי טפחות הנפק הת 31- מזרחי טפחות חברה להנפקות בע"מ,2310076,,בנקים,AA,מעלות,,6.17,NIS,3,1.47,1100000,115.76,1273.36,,0.229166666666667,0.410558051130398,,,
Migdal,199,2012,4,ניירות ערך לא סחירים,"אג""ח קונצרני",החברה לישראל אג"ח 5 - מ- החברה לישראל בע"מ,5760129,,השקעה ואחזקות,A+,מעלות,2006-11-23T00:00:00.000Z,0.86,NIS,5,1.44,143721.25,122.84,,176.5471835,0.0884438461538462,0.0569225259080863,,,
Migdal,199,2012,4,סכום נכסי הקרן,,סעיף 9. חוזים עתידיים,,,,,,,,,,,,,,2e-05,,6.4484207314569e-09,,,
Migdal,199,2012,4,ניירות ערך סחירים,תעודות התחייבות ממשלתיות,ממשל שקלית 0118- שחר,1126218,,,RF,פנימי,,4.6,NIS,4,2.65,2000000,108.95,2179,,0.0248170148431807,0.702555438692229,,,
Migdal,199,2012,4,ניירות ערך סחירים,"אג""ח קונצרני",מזרחי טפחות הנפקות הת 30- מזרחי טפחות חברה להנפקות בע"מ,2310068,,בנקים,AA,מעלות,,4.07,NIS,3.9,0.97,626349,136,851.83464,,0.0431624261160556,0.274649407617456,,,
Migdal,199,2012,4,ניירות ערך לא סחירים,"אג""ח קונצרני",שטר הון (פקדון נדחה) דיסקונט- בנק דיסקונט לישראל בע"מ,20000394,,בנקים,A+,מעלות,2002-06-26T00:00:00.000Z,2.34,NIS,6.7,1.97,1250000,140.33,,1754.125,0,0.565566800778342,,,
Migdal,199,2012,4,סכום נכסי הקרן,,סעיף 10. מוצרים מובנים,,,,,,,,,,,,,,208.410999575,,0.0671960905161542,,,
Migdal,199,2012,4,ניירות ערך סחירים,תעודות התחייבות ממשלתיות,ממשל שקלית 2.5% 5.2016- שחר,1127166,,,RF,פנימי,,3.3,NIS,2.5,2.17,5000000,101.46,5073,,0.26397914775916,1.63564191853404,,,
Migdal,199,2012,4,ניירות ערך סחירים,"אג""ח קונצרני",נצבא אגח ד- נצבא החזקות 1995 בע"מ,1116169,,נדל"ן ובינוי,AA,מעלות,,1.59,NIS,3.19,0.83,532500,112.04,596.613,,0.179383073817398,0.192360581892835,,,
Migdal,199,2012,4,ניירות ערך לא סחירים,"אג""ח קונצרני",אימאג'סאט 1בטוחות -צ.מדד- אימאג'סט ישראל בטוחות בע"מ,1096726,,שרותים,A2,מידרוג,2006-03-08T00:00:00.000Z,0.81,NIS,6.2,3.01,88895.08,122.01,,108.460887108,0.370570921737176,0.0349700716489717,,,
Migdal,199,2012,4,סכום נכסי הקרן,,ג. ניירות ערך לא סחירים:,,,,,,,,,,,,,,,,,,,
Migdal,199,2012,4,ניירות ערך סחירים,תעודות התחייבות ממשלתיות,ממשל שקלית 323- שחר,1126747,,,RF,פנימי,,8.41,NIS,4.25,3.85,2200000,105.04,2310.88,,0.0406174367332651,0.745076324995456,,,
Migdal,199,2012,4,ניירות ערך סחירים,"אג""ח קונצרני",פועלים הנפ הת ח- הפועלים הנפקות בע"מ,1940303,,בנקים,AA,מעלות,,1.93,NIS,4.5,0.67,591483,136.81,809.2078923,,0.0664139905681563,0.260905647438293,,,
Migdal,199,2012,4,ניירות ערך לא סחירים,"אג""ח קונצרני",אלון חברת הדלק אגח סד' א- אלון חברת הדלק לישראל בע"מ,1101567,,השקעה ואחזקות,A-,מעלות,2007-01-30T00:00:00.000Z,5.34,NIS,5.35,6.19,4500000,116.81,,5256.45,0.250075161479089,1.69479005769333,,,
Migdal,199,2012,4,סכום נכסי הקרן,,סעיף 1. תעודות התחייבות ממשלתיות,,,,,,,,,,,,,,7e-05,,2.25694725600991e-08,,,
Migdal,199,2012,4,ניירות ערך סחירים,תעודות התחייבות ממשלתיות,ממשלתי שיקלית 0219- שחר,1110907,,,RF,פנימי,,5.18,NIS,6,2.91,8300000,122.24,10145.92,,0.0460387356609446,3.27125804338516,,,
Migdal,199,2012,4,ניירות ערך סחירים,"אג""ח קונצרני",פועלים הנפ הת ט- הפועלים הנפקות בע"מ,1940386,,בנקים,AA,מעלות,,2.87,NIS,4.7,0.79,792372.66,131.99,1045.852673934,,0.110932128027149,0.337204903232282,,,
Migdal,199,2012,4,ניירות ערך לא סחירים,"אג""ח קונצרני",אלקו החזקות סדרה 9- אלקו החזקות בע"מ,6940134,,השקעה ואחזקות,A-,מעלות,2012-02-28T00:00:00.000Z,1.47,NIS,5,7.65,271000,116.78,,316.4738,0.093448275862069,0.102037810644147,,,
Migdal,199,2012,4,סכום נכסי הקרן,,סעיף 2. תעודות חוב מסחריות,,,,,,,,,,,,,,402.832186095833,,0.129881571005924,,,
Migdal,199,2012,4,ניירות ערך סחירים,תעודות התחייבות ממשלתיות,ממשלתי שקלי 0217- שחר,1101575,,,RF,פנימי,,3.7,NIS,5.5,2.38,7600000,116.85,8880.6,,0.0423233373778109,2.86329225738881,,,
Migdal,199,2012,4,ניירות ערך סחירים,"אג""ח קונצרני",פועלים הנפ הת י כתה"נ 10- הפועלים הנפקות בע"מ,1940402,,בנקים,AA,מעלות,,5.54,NIS,4.1,1.57,618544,140.62,869.7965728,,0.0158781914884059,0.280440712609684,,,
Migdal,199,2012,4,ניירות ערך לא סחירים,"אג""ח קונצרני",אספיסי אלעד אגח 2 רמ ms- אס.פי.סי אל-עד,10927742,,נדל"ן ובינוי,A-,מעלות,2012-10-31T00:00:00.000Z,3.16,NIS,6.7,12.28,376703.97,105.26,,396.518598822,0.0807500935400769,0.127845937652601,,,
Migdal,199,2012,4,סכום נכסי הקרן,,סעיף 3. אג''ח קונצרני,,,,,,,,,,,,,,21558.8833179226,,6.95103751639024,,,
Migdal,199,2012,4,ניירות ערך סחירים,תעודות התחייבות ממשלתיות,ממשלתי שקלי 0313- שחר,1107788,,,RF,פנימי,,0.24,NIS,5,1.67,8000000,104.59,8367.2,,0.0721939106782645,2.69776129721231,,,
Migdal,199,2012,4,ניירות ערך סחירים,"אג""ח קונצרני",פועלים הנפ הת יב- הפועלים הנפקות בע"מ,1940428,,בנקים,AA,מעלות,,2.3,NIS,5,0.7,1015178,124.06,1259.4298268,,0.165565482306355,0.406066670247615,,,
Migdal,199,2012,4,ניירות ערך לא סחירים,"אג""ח קונצרני",יצחקי מחסנים אגח א רמ- יצחקי מחסנים בע"מ,1109198,,נדל"ן ובינוי,A3,מידרוג,2007-12-06T00:00:00.000Z,2.79,NIS,6.75,3.33,750000,127.57,,956.775,0.368560329640359,0.308484387266984,,,
Migdal,199,2012,4,סכום נכסי הקרן,,סעיף 4. מניות,,,,,,,,,,,,,,206.803956,,0.066677945860885,,,
Migdal,199,2012,4,ניירות ערך סחירים,תעודות התחייבות ממשלתיות,ממשלתי שקלית 0122- שחר,1123272,,,RF,פנימי,,7.2,NIS,5.5,3.61,9800000,119.47,11708.06,,0.0571332827373419,3.77492484145706,,,
Migdal,199,2012,4,ניירות ערך סחירים,"אג""ח קונצרני",*בלל שה נדחים 200- בנק לאומי לישראל בע"מ,6040141,,בנקים,AA-,מעלות,,7,NIS,4,2.35,1100000,120.15,1321.65,,0.0814816021949662,0.426127762986501,,,
Migdal,199,2012,4,ניירות ערך לא סחירים,"אג""ח קונצרני",פטרוכימיים אגח א רמ msh- מפעלים פטרוכימיים בישראל בע"מ,7560014,,כימיה- גומי ופלסטיק,Ba1,מידרוג,2011-12-22T00:00:00.000Z,1.29,NIS,5.7,52.09,144487.73,74.15,,107.137651795,0.216733762337623,0.0345434327477244,,,
Migdal,199,2012,4,סכום נכסי הקרן,,סעיף 5. קרנות השקעה,,,,,,,,,,,,,,8e-05,,2.57936829258276e-08,,,
Migdal,199,2012,4,ניירות ערך סחירים,תעודות התחייבות ממשלתיות,ממשלתי שקלית 120- שחר,1115773,,,RF,פנימי,,5.95,NIS,5,3.19,8701000,115.9,10084.459,,0.0628779696941338,3.25144172405636,,,
Migdal,199,2012,4,ניירות ערך סחירים,"אג""ח קונצרני",*לאומי מימון שה נד 300- לאומי חברה למימון בע"מ,7410202,,בנקים,AA-,מעלות,,6.47,NIS,5,2.16,1139338,130.65,1488.545097,,0.113933913933914,0.479938253160166,,,
Migdal,199,2012,4,ניירות ערך לא סחירים,"אג""ח קונצרני",לוי אגח ד חש 10/12- א.לוי השקעות ובנין בע"מ,7190184,,נדל"ן ובינוי,Ba2,מידרוג,2012-10-18T00:00:00.000Z,1,NIS,6.1,55.87,74393,75,,55.79475,0.53606546839957,0.0179894011303227,,,
Migdal,199,2012,4,סכום נכסי הקרן,,סעיף 6. כתבי אופציה,,,,,,,,,,,,,,1.2917205784,,0.000416477887850203,,,
Migdal,199,2012,4,ניירות ערך סחירים,תעודות התחייבות ממשלתיות,ממשלתית שקלית 814- שחר,1124486,,,RF,פנימי,,1.63,NIS,3.5,1.8,11100000,103.94,11537.34,,0.0721684747686984,3.71988112209335,,,
Migdal,199,2012,4,ניירות ערך סחירים,"אג""ח קונצרני",ארפורט אגח א- איירפורט סיטי בע"מ,1096320,,נדל"ן ובינוי,AA-,מעלות,,1.13,NIS,5,0.9,270000.29,126.52,341.604366908,,0.069931738744805,0.110140434076288,,,
Migdal,199,2012,4,ניירות ערך לא סחירים,"אג""ח קונצרני",צים - אגח א רמ ms- צים שירותי ספנות משולבים בע"מ,6510010,,שרותים,B,מעלות,2011-08-24T00:00:00.000Z,3.19,NIS,5.8,24.45,1000000,73.45,,734.5,0.197804402386604,0.236818251362755,,,
Migdal,199,2012,4,סכום נכסי הקרן,,סעיף 7. אופציות,,,,,,,,,,,,,,0.0001,,3.22421036572845e-08,,,
Migdal,199,2012,4,ניירות ערך סחירים,תעודות התחייבות ממשלתיות,שחר  2682- שחר,9268236,,,RF,פנימי,,1.18,NIS,7.5,1.78,3500000,112.66,3943.1,,0.0219226406384374,1.27133838931038,,,
Migdal,199,2012,4,ניירות ערך לא סחירים,"אג""ח קונצרני",ארזים אגח 2 חש 4/12- ארזים השקעות בע"מ,1380146,,נדל"ן ובינוי,D,מעלות,2012-06-17T00:00:00.000Z,0.97,NIS,0,2.14,141328.21,82,,115.8891322,0.376197849834227,0.0373650941314515,,,
Migdal,199,2012,4,ניירות ערך סחירים,"אג""ח קונצרני",בריטיש ישראל אגח ג- בריטיש-ישראל השקעות בע"מ,1117423,,נדל"ן ובינוי,AA-,מעלות,,4.94,NIS,5.85,2.87,1107654,123.2,1364.629728,,0.0502478797003518,0.439985331439879,,,
Migdal,199,2012,4,ניירות ערך סחירים,תעודות התחייבות ממשלתיות,שחר 2683- שחר,9268335,,,RF,פנימי,,2.76,NIS,6.5,2.07,8500000,119.09,10122.65,,0.0824797407923741,3.26375530586411,,,
Migdal,199,2012,4,סכום נכסי הקרן,,סעיף 8. חוזים עתידיים,,,,,,,,,,,,,,9e-05,,2.9017893291556e-08,,,
Migdal,199,2012,4,ניירות ערך לא סחירים,"אג""ח קונצרני",קאר אנד גו %7.4 (חודשי+קרן) 07- קאר אנד גו (סדרה א) בע"מ,1088202,,שרותים,NR3,פנימי,2011-08-24T00:00:00.000Z,0.01,NIS,7.4,0.01,84414.97,0.01,,0.008441497,2.2968378641128,2.72171621296656e-06,,,
Migdal,199,2012,4,ניירות ערך סחירים,תעודות התחייבות ממשלתיות,ממשלתי ריבית משתנה 0817- ממשל קצרה,1106970,,,RF,פנימי,,4.48,NIS,2.01,1.98,16200000,99.19,16068.78,,0.105379938586914,5.180912704061,,,
Migdal,199,2012,4,סכום נכסי הקרן,,סעיף 9. מוצרים מובנים,,,,,,,,,,,,,,65.5715646671,,0.0211416518496697,,,
Migdal,199,2012,4,ניירות ערך לא סחירים,"אג""ח קונצרני",אנטר הולדינגס אגח ב- אלביט מדיקל טכנולוג'יס בע"מ,4740163,,השקעות במדעי החיים,0,לא מדורג,2011-09-21T00:00:00.000Z,0.01,NIS,7.45,0.01,386613.4,0.01,,0.03866134,0,1.24652293180952e-05,,,
Migdal,199,2012,4,ניירות ערך סחירים,"אג""ח קונצרני",דקסיה ישראל הנ אגח א 4.25- דקסיה ישראל הנפקות בע"מ,1095058,,בנקים,AA-,מעלות,,0.93,NIS,4.25,0.95,0.17,122.15,0.000207655,,2.36851370331468e-07,6.69523403495341e-08,,,
Migdal,199,2012,4,סכום נכסי הקרן,,ד. הלוואות,,,,,,,,,,,,,,1343.423286316,,0.433147928530103,,,
Migdal,199,2012,4,ניירות ערך לא סחירים,"אג""ח קונצרני",גלובליקום ב' חש 11.08- גלובליקום טרייד בע"מ לשעבר מילומור,1112903,,מסחר,0,לא מדורג,2010-10-31T00:00:00.000Z,3.97,NIS,5.95,0.01,62500,1,,0.625,0.171228363789426,0.000201513147858028,,,
Migdal,199,2012,4,ניירות ערך סחירים,"אג""ח קונצרני",דקסיה ישראל הנ אגח ב 4.65- דקסיה ישראל הנפקות בע"מ,1095066,,בנקים,AA-,מעלות,,4.17,NIS,4.65,1.18,0.7,136.05,0.00095235,,9.94404401199786e-08,3.07057674180149e-07,,,
Migdal,199,2012,4,סכום נכסי הקרן,,ה. פקדונות,,,,,,,,,,,,,,1102.1076521,,0.355342691604946,,,
Migdal,199,2012,4,ניירות ערך לא סחירים,"אג""ח קונצרני",פולאר השק אגח ו חש 1/12- פולאר השקעות בע"מ,6980296,,השקעה ואחזקות,,לא מדורג,2012-08-30T00:00:00.000Z,0.95,NIS,6,16.34,150000,50.08,,75.12,0.166666666666667,0.0242202682673521,,,
Migdal,199,2012,4,ניירות ערך סחירים,"אג""ח קונצרני",חשמל אגח 22- חברת החשמל לישראל בע"מ,6000020,,שרותים,Aa3,מידרוג,,1.1,NIS,6.5,1.98,1117524.4,130.67,1460.26913348,,0.0248338821779241,0.470821487691952,,,
Migdal,199,2012,4,סכום נכסי הקרן,,ו. זכויות מקרקעין,,,,,,,,,,,,,,4e-05,,1.28968414629138e-08,,,
Migdal,199,2012,4,ניירות ערך לא סחירים,"אג""ח קונצרני",חפציבה חופים אגח א - קהל- חפציבה חופים בע"מ,1095942,,נדל"ן ובינוי,0,לא מדורג,2007-08-26T00:00:00.000Z,0.01,NIS,6,0.01,1268894,0.01,,0.1268894,0.642686237565591,4.09118118781064e-05,,,
Migdal,199,2012,4,ניירות ערך סחירים,"אג""ח קונצרני",מליסרון אגח ד- מליסרון בע"מ,3230083,,נדל"ן ובינוי,AA-,מעלות,,2.52,NIS,4.7,1.43,366666.7,126.32,463.17337544,,0.055843943298303,0.149336839822308,,,
Migdal,199,2012,4,סכום נכסי הקרן,,ז. השקעות אחרות,,,,,,,,,,,,,,246.8955,,0.0796037024837165,,,
Migdal,199,2012,4,ניירות ערך לא סחירים,"אג""ח קונצרני",בסר אירופה אגח ח- ב.ס.ר אירופה בע"מ,1170141,,נדל"ן ובינוי,B2,מידרוג,,0.01,NIS,5.5,0.01,0.01,100,,1e-05,4.45762097392688e-08,3.22421036572845e-09,,,
Migdal,199,2012,4,ניירות ערך סחירים,"אג""ח קונצרני",מנורה מבטחים אגח א- מנורה מבטחים החזקות בע"מ,5660048,,ביטוח,Aa3,מידרוג,,3.33,NIS,4.28,1.34,169750.02,132.56,225.020626512,,0.033902903645247,0.07255138365027,,,
Migdal,199,2012,4,סכום נכסי הקרן,,סעיף 2. נכסים המוצגים לפי עלות מתואמת:,,,,,,,,,,,,,,,,,,,
Migdal,199,2012,4,ניירות ערך לא סחירים,"אג""ח קונצרני",סי.בי.או. מימון 2002- סי.בי.או. מימון 2002,11500690,,אג"ח מובנות,AA,S&P,2011-01-11T00:00:00.000Z,26.42,USD,0.01,0.01,329969.2025,0.300896,,0.9928641315544,0,0.000320120282471767,,,
Migdal,199,2012,4,ניירות ערך סחירים,"אג""ח קונצרני",פרטנר אגח ב- חברת פרטנר תקשורת בע"מ,1119320,,תקשורת ומדיה,AA-,מעלות,,2.34,NIS,3.4,1.29,124088,112.34,139.4004592,,0.0276982142857143,0.0449456405539946,,,
Migdal,199,2012,4,סכום נכסי הקרן,,א. אג''ח קונצרני סחיר,,,,,,,,,,,,,,4e-05,,1.28968414629138e-08,,,
Migdal,199,2012,4,ניירות ערך לא סחירים,"אג""ח קונצרני",אימאג'סאט בטוחות 2 -צ. דולר- אימאג'סט ישראל בטוחות בע"מ,1096734,,שרותים,A2,מידרוג,2006-03-06T00:00:00.000Z,0.81,NIS,3.006,3.21,81403.53,79.42,,64.650683526,0.402675081122649,0.0208447403975959,,,
Migdal,199,2012,4,ניירות ערך סחירים,"אג""ח קונצרני",*אגוד הנפקות התח א- אגוד הנפקות בע"מ,1092766,,בנקים,A1,מידרוג,,0.33,NIS,4.3,0.95,316406.9,124.11,392.69260359,,0.414427244240605,0.126612356303977,,,
Migdal,199,2012,4,סכום נכסי הקרן,,ב. אג''ח קונצרני לא סחיר,,,,,,,,,,,,,,4e-05,,1.28968414629138e-08,,,
Migdal,199,2012,4,ניירות ערך סחירים,"אג""ח קונצרני",אמות אגח א- אמות השקעות בע"מ,1097385,,נדל"ן ובינוי,A+,מעלות,,3.28,NIS,4.95,1.6,850000.01,132.82,1128.970013282,,0.0941420831509608,0.364003681942041,,,
Migdal,199,2012,4,סכום נכסי הקרן,,ג. מסגרות אשראי מנוצלות ללווים,,,,,,,,,,,,,,0,,0,,,
Migdal,199,2012,4,ניירות ערך סחירים,"אג""ח קונצרני",גב ים אגח ה- חברת גב-ים לקרקעות בע"מ,7590110,,נדל"ן ובינוי,A+,מעלות,,3.05,NIS,4.55,1.45,850000,132.23,1123.955,,0.120207605605917,0.362386736161232,,,
Migdal,199,2012,4,סכום נכסי הקרן,,סה''כ סכום נכסי ההשקעה,,,,,,,,,,,,,,310155.799663344,,100.000676318309,,,
Migdal,199,2012,4,ניירות ערך סחירים,"אג""ח קונצרני",גזית גלוב אגח ד- גזית-גלוב בע"מ,1260397,,נדל"ן ובינוי,A+,מעלות,,6.16,NIS,5.1,3.39,134451,133.83,179.9357733,,0.00649820690865844,0.0580150785439224,,,
Migdal,199,2012,4,ניירות ערך סחירים,"אג""ח קונצרני",גזית גלוב אגח י- גזית-גלוב בע"מ,1260488,,נדל"ן ובינוי,A+,מעלות,,5.47,NIS,6.5,1.93,400000,143.81,575.24,,0.0544364183994005,0.185469477078163,,,
Migdal,199,2012,4,ניירות ערך סחירים,"אג""ח קונצרני",דיסקונט מנ הת ד- דיסקונט מנפיקים בע"מ,7480049,,בנקים,A+,מעלות,,4.89,NIS,4.75,1.52,631751,135.8,857.917858,,0.0870663743097064,0.276610765070715,,,
Migdal,199,2012,4,ניירות ערך סחירים,"אג""ח קונצרני",דיסקונט מנפיקים הת ח- דיסקונט מנפיקים בע"מ,7480072,,בנקים,A+,מעלות,,2.97,NIS,4.29,0.98,653747,130.63,853.9897061,,0.0767650163629126,0.275344246263301,,,
Migdal,199,2012,4,ניירות ערך סחירים,"אג""ח קונצרני",חברה לישראל אגח 6- החברה לישראל בע"מ,5760152,,השקעה ואחזקות,A+,מעלות,,1.64,NIS,4.55,1.13,800000,127.27,1018.16,,0.0575702704268031,0.328276202597008,,,
Migdal,199,2012,4,ניירות ערך סחירים,"אג""ח קונצרני",חברה לישראל אגח 7- החברה לישראל בע"מ,5760160,,השקעה ואחזקות,A+,מעלות,,5.44,NIS,4.7,2.28,800000,137.1,1096.8,,0.0461162992296819,0.353631392913096,,,
Migdal,199,2012,4,ניירות ערך סחירים,"אג""ח קונצרני",ביג אגח ג- ביג מרכזי קניות  בע"מ,1106947,,נדל"ן ובינוי,A2,מידרוג,,3.87,NIS,4.85,2.25,171387,133.15,228.2017905,,0.0273709786235671,0.0735770578407892,,,
Migdal,199,2012,4,ניירות ערך סחירים,"אג""ח קונצרני",דלק קבוצה אגח יג- קבוצת דלק בע"מ,1105543,,השקעה ואחזקות,A,מעלות,,4.32,NIS,4.6,3.34,869995,127.27,1107.2426365,,0.0952626217238832,0.35699831859798,,,
Migdal,199,2012,4,ניירות ערך סחירים,"אג""ח קונצרני",דלק קבוצה אגח כג- קבוצת דלק בע"מ,1107465,,השקעה ואחזקות,A,מעלות,,1.28,NIS,4.75,1.89,350000.02,121.34,424.690024268,,0.054128430191112,0.136928997846635,,,
Migdal,199,2012,4,ניירות ערך סחירים,"אג""ח קונצרני",דמרי אגח ג- י.ח.דמרי בניה ופיתוח בע"מ,1109685,,נדל"ן ובינוי,A2,מידרוג,,1.21,NIS,6.1,2.35,1125000,123,1383.75,,4.32233060065988,0.446150109357674,,,
Migdal,199,2012,4,ניירות ערך סחירים,"אג""ח קונצרני",ישרס אגח ה- ישרס חברה להשקעות בע"מ,6130082,,נדל"ן ובינוי,A2,מידרוג,,0.89,NIS,4.35,2.95,408106.02,125.86,513.642236772,,0.287204641372482,0.165609062407623,,,
Migdal,199,2012,4,ניירות ערך סחירים,"אג""ח קונצרני",מבני תעשיה אגח ח- מבני תעשיה בע"מ,2260131,,נדל"ן ובינוי,A2,מידרוג,,2.9,NIS,4.65,3.76,300000,124.55,373.65,,0.0415308435038908,0.120472620315444,,,
Migdal,199,2012,4,ניירות ערך סחירים,"אג""ח קונצרני",מבני תעשיה אגח ט- מבני תעשיה בע"מ,2260180,,נדל"ן ובינוי,A2,מידרוג,,3.71,NIS,5.05,4.31,413571,121.85,503.9362635,,0.0396088671892333,0.162479652444316,,,
Migdal,199,2012,4,ניירות ערך סחירים,"אג""ח קונצרני",מבני תעשייה אגח יד- מבני תעשיה בע"מ,2260412,,נדל"ן ובינוי,A2,מידרוג,,4.67,NIS,6.1,5.46,400000,103.41,413.64,,0.142323936395433,0.133366237567992,,,
Migdal,199,2012,4,ניירות ערך סחירים,"אג""ח קונצרני",נורסטאר אגח ט- נורסטאר החזקות אינק  לשעבר גזית אינק,7230303,,נדל"ן ובינוי,A,מעלות,,4.64,NIS,4.7,3.79,500000,112.15,560.75,,0.0933017550433331,0.180797596258223,,,
Migdal,199,2012,4,ניירות ערך סחירים,"אג""ח קונצרני",נכסים ובנין אגח ג- חברה לנכסים ולבנין בע"מ,6990139,,נדל"ן ובינוי,A,מעלות,,2.75,NIS,5,2.83,419841.63,125.79,528.118786377,,0.0298602164513908,0.170276606537265,,,
Migdal,199,2012,4,ניירות ערך סחירים,"אג""ח קונצרני",נכסים ובנין אגח ד- חברה לנכסים ולבנין בע"מ,6990154,,נדל"ן ובינוי,A,מעלות,,8.2,NIS,4.95,5.61,200000,113.27,226.54,,0.0162036030425706,0.0730412616252123,,,
Migdal,199,2012,4,ניירות ערך סחירים,"אג""ח קונצרני",שיכון ובינוי אגח 4- שיכון ובינוי - אחזקות בע"מ,1117910,,נדל"ן ובינוי,A2,מידרוג,,3.81,NIS,4.8,2.65,1000000,117.8,1178,,0.0855273913808223,0.379811981082811,,,
Migdal,199,2012,4,ניירות ערך סחירים,"אג""ח קונצרני",שלמה החזקות בע"מ אגח י- ש. שלמה החזקות בע"מ לשעבר ניו קופל,1410216,,שרותים,A,מעלות,,0.8,NIS,3.35,2.27,279999.97,108.37,303.435967489,,0.0765957363810386,0.0978341391712875,,,
Migdal,199,2012,4,ניירות ערך סחירים,"אג""ח קונצרני",אלבר אגח ג- אלבר שירותי מימונית בע"מ,1110618,,שרותים,A3,מידרוג,,0.17,NIS,5,3.57,134285.96,119.84,160.928294464,,0.575496096931389,0.0518866675149829,,,
Migdal,199,2012,4,ניירות ערך סחירים,"אג""ח קונצרני",אלבר אגח ו- אלבר שירותי מימונית בע"מ,1110642,,שרותים,A3,מידרוג,,0.05,NIS,5.75,7.31,34304.47,116,39.7931852,,0.347698399690984,0.0128301600207192,,,
Migdal,199,2012,4,ניירות ערך סחירים,"אג""ח קונצרני",אפריקה תעשיות  אגח א- אפריקה ישראל תעשיות בע"מ,8000085,,מתכת ומוצרי בניה,A3,מידרוג,,1.21,NIS,5.8,1.75,400000.02,123.74,494.960024748,,0.232030131524185,0.159585524241371,,,
Migdal,199,2012,4,ניירות ערך סחירים,"אג""ח קונצרני",אשדר אגח א- אשדר חברה לבניה בע"מ,1104330,,נדל"ן ובינוי,A3,מידרוג,,3.52,NIS,4.85,4.24,594641.66,122.15,726.35478769,,0.283491134567027,0.234192063566659,,,
Migdal,199,2012,4,ניירות ערך סחירים,"אג""ח קונצרני",דיסקונט מנפיקים שה נד 1- דיסקונט מנפיקים בע"מ,7480098,,בנקים,A-,מעלות,,6.01,NIS,6.4,2.54,600000,141.41,848.46,,0.0479240691049102,0.273561352690596,,,
Migdal,199,2012,4,ניירות ערך סחירים,"אג""ח קונצרני",דרבן אגח ז- דרבן השקעות בע"מ,4110128,,נדל"ן ובינוי,A3,מידרוג,,0.89,NIS,5.9,3.29,400000.02,119.5,478.0000239,,0.379654343720043,0.154117263187683,,,
Migdal,199,2012,4,ניירות ערך סחירים,"אג""ח קונצרני",כור אגח ח- כור תעשיות בע"מ,6490312,,השקעה ואחזקות,A-,מעלות,,2.07,NIS,5.1,3.63,704000,122.06,859.3024,,0.0736667675399109,0.277057170537533,,,
Migdal,199,2012,4,ניירות ערך סחירים,"אג""ח קונצרני",כלכלית ים אגח ד- כלכלית ירושלים בע"מ,1980119,,נדל"ן ובינוי,A-,מעלות,,0.64,NIS,5.5,4.56,174428,126.18,220.0932504,,0.128520630125978,0.0709626939366547,,,
Migdal,199,2012,4,ניירות ערך סחירים,"אג""ח קונצרני",כלכלית ים אגח ה- כלכלית ירושלים בע"מ,1980150,,נדל"ן ובינוי,A3,מידרוג,,1.35,NIS,4.75,6.25,69000.01,119.53,82.475711953,,0.0162352919247065,0.0265919045399696,,,
Migdal,199,2012,4,ניירות ערך סחירים,"אג""ח קונצרני",כלכלית ים אגח י- כלכלית ירושלים בע"מ,1980317,,נדל"ן ובינוי,A-,מעלות,,4.59,NIS,6.75,8.24,500000,99.26,496.3,,0.423679982646068,0.160017560451103,,,
Migdal,199,2012,4,ניירות ערך סחירים,"אג""ח קונצרני",אפריקה   אגח כו- אפריקה-ישראל להשקעות בע"מ,6110365,,נדל"ן ובינוי,Baa1,מידרוג,,4.26,NIS,6,14.39,1872296,81.31,1522.3638776,,0.0532337235652433,0.490842139456848,,,
Migdal,199,2012,4,ניירות ערך סחירים,"אג""ח קונצרני",אדגר אגח ד- אדגר השקעות ופיתוח בע"מ,1820117,,נדל"ן ובינוי,BBB,מעלות,,0.67,NIS,6.35,3.46,2224.41,126.2,2.80720542,,0.00700867926689872,0.000905102081389308,,,
Migdal,199,2012,4,ניירות ערך סחירים,"אג""ח קונצרני",דיסקונט השקעות אגח ד- חברת השקעות דיסקונט בע"מ,6390157,,השקעה ואחזקות,BBB,מעלות,,1.61,NIS,5,11,740307.2,115.13,852.31567936,,0.0471719636553922,0.27480450482654,,,
Migdal,199,2012,4,ניירות ערך סחירים,"אג""ח קונצרני",דיסקונט השקעות אגח ו- חברת השקעות דיסקונט בע"מ,6390207,,השקעה ואחזקות,BBB,מעלות,,6.92,NIS,4.95,9.44,1146318,87.97,1008.4159446,,0.0913972334664869,0.325134514154517,,,
Migdal,199,2012,4,ניירות ערך סחירים,"אג""ח קונצרני",דיסקונט השקעות אגח ח- חברת השקעות דיסקונט בע"מ,6390223,,השקעה ואחזקות,BBB,מעלות,,3.45,NIS,4.45,10.06,482662,100.61,485.6062382,,0.25802661192458,0.156569666686684,,,
Migdal,199,2012,4,ניירות ערך סחירים,"אג""ח קונצרני",דלק ישראל אגח א- דלק חברת הדלק הישראלית בע"מ,6360069,,שרותים,BBB,מעלות,,1.97,NIS,5.1,4.48,424000,121.41,514.7784,,0.0636536669795134,0.165975385333311,,,
Migdal,199,2012,4,ניירות ערך סחירים,"אג""ח קונצרני",פלאזה סנטרס אגח ב- פלאזה סנטרס,1109503,,נדל"ן ובינוי,BBB-,מעלות,,1.33,NIS,5.4,25.27,843774.75,90.47,763.363016325,,0.100729497376653,0.24612429500488,,,
Migdal,199,2012,4,ניירות ערך סחירים,"אג""ח קונצרני",פטרוכימים אגח ב- מפעלים פטרוכימיים בישראל בע"מ,7560048,,כימיה- גומי ופלסטיק,Ba1,מידרוג,,5.9,NIS,5.1,14.52,257782,69.7,179.674054,,0.0515564,0.0579306947359253,,,
Migdal,199,2012,4,ניירות ערך סחירים,"אג""ח קונצרני",אידיבי פיתוח אגח ז- אידיבי חברה לפתוח בע"מ,7980121,,השקעה ואחזקות,BB,מעלות,,2.02,NIS,4.5,34.95,1100000.1,68.21,750.31006821,,0.0678895989736387,0.24191574994331,,,
Migdal,199,2012,4,ניירות ערך סחירים,"אג""ח קונצרני",לוי אגח ד- א.לוי השקעות ובנין בע"מ,7190077,,נדל"ן ובינוי,B1,מידרוג,,0.7,NIS,6.1,0.01,74393.56,75,55.79517,,0.536069503680609,0.0179895365471581,,,
Migdal,199,2012,4,ניירות ערך סחירים,"אג""ח קונצרני",אלביט הדמיה אגח ד- אלביט הדמיה בע"מ,1106996,,השקעה ואחזקות,B,מעלות,,1.84,NIS,5,50.59,200000,48.81,97.62,,0.0268051656336552,0.0314747415902411,,,
Migdal,199,2012,4,ניירות ערך סחירים,"אג""ח קונצרני",אלביט הדמיה אגח ו- אלביט הדמיה בע"מ,1107234,,השקעה ואחזקות,B,מעלות,,1.26,NIS,5.7,93.16,449440.91,48.8,219.32716408,,0.179122530937572,0.070715691591256,,,
Migdal,199,2012,4,ניירות ערך סחירים,"אג""ח קונצרני",ארזים אגח 2- ארזים השקעות בע"מ,1380047,,נדל"ן ובינוי,D,מעלות,,1.03,NIS,2.0302,43.18,496988.8,82,407.530816,,1.3229214319752,0.131396508130097,,,
Migdal,199,2012,4,ניירות ערך סחירים,"אג""ח קונצרני",גראדלינק אגח ב ms- גראדלינק ישראל בע"מ לשעבר רבינטקס,2720043,,אופנה והלבשה,0,לא מדורג,,5.97,NIS,5.44,0.01,820000.36,5.3,43.46001908,,0,0.0140124244012492,,,
Migdal,199,2012,4,ניירות ערך סחירים,"אג""ח קונצרני",סינרג'י כבלים אגח ב- סינרג'י כבלים בע"מ,7780166,,מתכת ומוצרי בניה,0,לא מדורג,,2.19,NIS,1.875,11.49,834802.41,110.77,924.710629557,,1.0507508819334,0.298146159711696,,,
Migdal,199,2012,4,ניירות ערך סחירים,"אג""ח קונצרני",פולאר השק אגח ו- פולאר השקעות בע"מ,6980247,,השקעה ואחזקות,,לא מדורג,,1.29,NIS,6,0.01,450000,50.08,225.36,,0.5,0.0726608048020563,,,
Migdal,199,2012,4,ניירות ערך סחירים,"אג""ח קונצרני",פרופיט אגח ג- פרופיט תעשיות בניה בע"מ,5490115,,נדל"ן ובינוי,,לא מדורג,,1.93,NIS,7,0.01,206920.77,64.23,132.905210571,,0.6085905,0.0428514357582341,,,
Migdal,199,2012,4,ניירות ערך סחירים,"אג""ח קונצרני",כיל  אגח ב- כימיקלים לישראל בע"מ,2810216,,כימיה- גומי ופלסטיק,AA+,מעלות,,0.82,NIS,5.25,1.98,457159,103.58,473.5252922,,0.0621310468362241,0.152674515554583,,,
Migdal,199,2012,4,ניירות ערך סחירים,"אג""ח קונצרני",פועלים הנפקות אגח 26- הפועלים הנפקות בע"מ,1940451,,בנקים,AA+,מעלות,,3.74,NIS,3.16,2.56,783521,99.87,782.5024227,,0.0987675501513933,0.252295242247696,,,
Migdal,199,2012,4,ניירות ערך סחירים,"אג""ח קונצרני",פניקס הון אגח ג- הפניקס גיוסי הון  בע"מ,1120807,,ביטוח,Aa3,מידרוג,,4.18,NIS,6,3.58,800000,112.12,896.96,,0.232895974101968,0.289198772964379,,,
Migdal,199,2012,4,ניירות ערך סחירים,"אג""ח קונצרני",פרטנר אגח ה- חברת פרטנר תקשורת בע"מ,1118843,,תקשורת ומדיה,AA-,מעלות,,2.8,NIS,5.5,3.52,216310,105.64,228.509884,,0.0231492431093251,0.0736763936664206,,,
Migdal,199,2012,4,ניירות ערך סחירים,"אג""ח קונצרני",גב ים אגח ז- חברת גב-ים לקרקעות בע"מ,7590144,,נדל"ן ובינוי,A+,מעלות,,2.61,NIS,6.41,3.38,170000,109.2,185.64,,0.0316785927251044,0.0598542412293829,,,
Migdal,199,2012,4,ניירות ערך סחירים,"אג""ח קונצרני",דיסקונט התחיבות יא- בנק דיסקונט לישראל בע"מ,6910137,,בנקים,A+,מעלות,,6.44,NIS,6.4,4.21,1564000,115.26,1802.6664,,0.480615581286722,0.581217569283039,,,
Migdal,199,2012,4,ניירות ערך סחירים,"אג""ח קונצרני",דיסקונט מנפיקים הת ז- דיסקונט מנפיקים בע"מ,7480064,,בנקים,A+,מעלות,,2.01,NIS,6.8,2.67,750000,114.15,856.125,,0.0696945705141786,0.276032709935927,,,
Migdal,199,2012,4,ניירות ערך סחירים,"אג""ח קונצרני",דלק קב אגח יד- קבוצת דלק בע"מ,1115062,,השקעה ואחזקות,A1,מידרוג,,4.5,NIS,8.5,5.35,570000,117.31,668.667,,0.135962195296555,0.215592307262054,,,
Migdal,199,2012,4,ניירות ערך סחירים,"אג""ח קונצרני",כללביט אגח ו- כללביט מימון בע"מ,1120138,,ביטוח,A+,מעלות,,4.04,NIS,5.7,3.68,700000,110.95,776.65,,0.0941584121125381,0.2504082980543,,,
Migdal,199,2012,4,ניירות ערך סחירים,"אג""ח קונצרני",פז נפט אגח ג- פז חברת הנפט בע"מ,1114073,,השקעה ואחזקות,A+,מעלות,,5.68,NIS,3.95,4.07,300000,99.66,298.98,,0.0106600451204176,0.0963974415145492,,,
Migdal,199,2012,4,ניירות ערך סחירים,"אג""ח קונצרני",דלתא  אגח כ- דלתא-גליל תעשיות בע"מ,6270110,,אופנה והלבשה,A2,מידרוג,,1.89,NIS,7,3.82,300000,109.38,328.14,,0.182364612511671,0.105799238941013,,,
Migdal,199,2012,4,ניירות ערך סחירים,"אג""ח קונצרני",נורסטאר אגח ח- נורסטאר החזקות אינק  לשעבר גזית אינק,7230295,,נדל"ן ובינוי,A,מעלות,,5.21,NIS,2.57463,5.4,300000,86.01,258.03,,0.0733468480442617,0.0831943000668912,,,
Migdal,199,2012,4,ניירות ערך סחירים,"אג""ח קונצרני",נייר חדרה אגח 5- נייר חדרה לשעבר מפעלי נייר,6320097,,עץ- נייר ודפוס,A,מעלות,,2.7,NIS,5.85,3.78,600000,106.19,637.14,,0.11504854089688,0.205427339242022,,,
Migdal,199,2012,4,ניירות ערך סחירים,"אג""ח קונצרני",הכשרת הישוב 14- חברת הכשרת הישוב בישראל בע"מ,6120141,,השקעה ואחזקות,Baa1,מידרוג,,2.35,NIS,7.18,7.57,257142.87,99.29,255.317155623,,0.173076924241864,0.082319621970798,,,
Migdal,199,2012,4,ניירות ערך סחירים,"אג""ח קונצרני",דיסקונט השקעות אגח ט- חברת השקעות דיסקונט בע"מ,6390249,,השקעה ואחזקות,BBB,מעלות,,2.95,NIS,6.7,11.94,395817,86.51,349.540713791,,0.0410898517275238,0.112699279264906,,,
Migdal,199,2012,4,ניירות ערך סחירים,"אג""ח קונצרני",דלק ישראל אגח ב- דלק חברת הדלק הישראלית בע"מ,6360127,,שרותים,BBB,מעלות,,0.89,NIS,5.61,5.22,337866.84,100.69,340.198121196,,0.178748607003527,0.109687030876149,,,
Migdal,199,2012,4,ניירות ערך סחירים,"אג""ח קונצרני",אידיבי פתוח אגח י- אידיבי חברה לפתוח בע"מ,7980162,,השקעה ואחזקות,BB,מעלות,,2.47,NIS,6.6,35.73,428571.5,51.34,220.0286081,,0.067991495281604,0.0709418518992823,,,
Migdal,199,2012,4,ניירות ערך סחירים,"אג""ח קונצרני",פלג ניא אגח ב- פלג-ניא בע"מ,4010070,,מתכת ומוצרי בניה,,לא מדורג,,3.07,NIS,8.2,13.2,33000,88.9,29.337,,0.206248698055094,0.00945886594993755,,,
Migdal,199,2012,4,ניירות ערך סחירים,"אג""ח קונצרני",גזית גלוב אגח א- גזית-גלוב בע"מ,1260165,,נדל"ן ובינוי,A+,מעלות,,2.32,NIS,6.5,3.51,1492613.95,84.99,1268.572596105,,0.54607334041783,0.409014491404079,,,
Migdal,199,2012,4,ניירות ערך סחירים,"אג""ח קונצרני",KFW 6.25% 15.4.13- KFW,XS0228378344,,בנקים,Aaa,Moodys,,0.29,דולר ניו זילנד,6.25,3.05,659598.5,105.317722232558,694.67411608012,,0.0001075,0.223977548586877,,,
Migdal,199,2012,4,ניירות ערך סחירים,"אג""ח קונצרני",KFW 9.5% 03.13- KFW,XS0524610499,,בנקים,Aaa,Moodys,,0.16,ריאל ברזילאי,9.5,5.17,98371.8,108.596666666667,106.82849574,,2.45454545454546e-05,0.0344437543320085,,,
Migdal,199,2012,4,ניירות ערך סחירים,"אג""ח קונצרני",Rabobank 6%.1.13- RABOBANK NEDERLAND,XS0469009285,,בנקים,AA-,S&P,,0.04,$ אוסטרלי,6,3.28,1586864,105.843704926829,1679.59564975008,,6.07407407407407e-05,0.541536970415662,,,
